id,name,creationDate
1,The Greatest name1,01.03.1970
2,name2,11.03.1970
3,name3,01.01.2010
4,name4,21.03.1970
5,The Greatest name5,12.01.1970
6,The Greatest name6,01.03.2024
7,name7,11.01.1970
8,The Greatest name8,01.01.1970
9,name9,17.03.2020
10,name10,01.01.2020
11,name11,01.03.1970
12,The Greatest name12,18.01.1970
13,name13,01.03.1970
14,name14,21.01.2021
15,The Greatest name15,01.03.1970
16,The Greatest name16,01.01.1970
17,The Greatest name17,22.03.1970
18,name18,01.01.1970
19,The Greatest name19,01.03.2013
20,name20,24.01.1970
21,The Greatest name21,05.01.2022
22,name22,07.03.1970
23,The Greatest name23,09.01.1970
24,The Greatest name24,10.03.2023
25,name25,01.01.1970
26,name26,01.01.1970
27,The Greatest name27,01.01.1970
28,name28,18.01.1970
29,The Greatest name29,01.03.1970
30,The Greatest name30,17.01.2020
31,The Greatest name31,19.01.1970
32,The Greatest name32,01.03.1970